FAKE,AHU6,AHU6_RAT,RAT,
FAKE,AHU6,AHU6_SATSP,SATSP,
FAKE,AHU6,AHU6_SupCFM,SupCFM,
FAKE,AHU6,AHU6_MaxDMP,OAD,
FAKE,AHU6,AHU6_CCV,CCV1,
FAKE,AHU6,AHU6_SFC,SCH,
FAKE,AHU6,AHU6_SAT,SAT,
FAKE,AHU6,AHU6_DSP,DSP,
FAKE,AHU6,AHU6_SupVFD,SupVFD1,
FAKE,AHU6,AHU6_DSPSP,DSPSP,
FAKE,AHU6,AHU6_SFS,SFS,
FAKE,AHU6,AHU6_MAT,MAT,
FAKE,AHU2,AHU2_SATSP,SATSP,
FAKE,AHU2,AHU2_RAT,RAT,
FAKE,AHU2,AHU2_SupCFM,SupCFM,
FAKE,AHU2,AHU2_SupVFD,SupVFD1,
FAKE,AHU2,AHU2_CCV,CCV1,
FAKE,AHU2,AHU2_DSP,DSP,
FAKE,AHU2,AHU2_SAT,SAT,
FAKE,AHU2,AHU2_RHV,PHV1,
FAKE,AHU2,AHU2_MAT,MAT,
FAKE,AHU2,AHU2_SFS,SFS,
FAKE,AHU2,AHU2_MaxDMP,OAD,
FAKE,AHU2,AHU2_DSPSP,DSPSP,
FAKE,AHU2,AHU2_SFC,SCH,
FAKE,AHU3,AHU3_SupCFM,SupCFM,
FAKE,AHU3,AHU3_RAT,RAT,
FAKE,AHU3,AHU3_RHV,PHV1,
FAKE,AHU3,AHU3_SATSP,SATSP,
FAKE,AHU3,AHU3_SAT,SAT,
FAKE,AHU3,AHU3_DSPSP,DSPSP,
FAKE,AHU3,AHU3_CCV,CCV1,
FAKE,AHU3,AHU3_SFS,SFS,
FAKE,AHU3,AHU3_MaxDMP,OAD,
FAKE,AHU3,AHU3_SFC,SCH,
FAKE,AHU3,AHU3_DSP,DSP,
FAKE,AHU3,AHU3_MAT,MAT,
FAKE,AHU5,AHU5_SFC,SCH,
FAKE,AHU5,AHU5_RHV,PHV1,
FAKE,AHU5,AHU5_MAT,MAT,
FAKE,AHU5,AHU5_DSPSP,DSPSP,
FAKE,AHU5,AHU5_PHT,PHT,
FAKE,AHU5,AHU5_RAT,RAT,
FAKE,AHU5,AHU5_SAT,SAT,
FAKE,AHU5,AHU5_SFS,SFS,
FAKE,AHU5,AHU5_CCV,CCV1,
FAKE,AHU5,AHU5_MaxDMP,OAD,
FAKE,AHU5,AHU5_DSP,DSP,
FAKE,AHU5,AHU5_SupVFD,SupVFD1,
FAKE,AHU5,AHU5_SATSP,SATSP,
FAKE,AHU5,AHU5_SupCFM,SupCFM,
FAKE,global,Global_OAH,OAH,
FAKE,global,OAWB,OAWB,
FAKE,global,Global_OAT,OAT,
FAKE,AHU1,AHU1_SFC,SCH,
FAKE,AHU1,AHU1_SATSP,SATSP,
FAKE,AHU1,AHU1_SAT,SAT,
FAKE,AHU1,AHU1_DSPSP,DSPSP,
FAKE,AHU1,AHU1_DSP,DSP,
FAKE,AHU1,AHU1_RHV,PHV1,
FAKE,AHU1,AHU1_RAT,RAT,
FAKE,AHU1,AHU1_SFS,SFS,
FAKE,AHU1,AHU1_MAT,MAT,
FAKE,AHU1,AHU1_SupVFD,SupVFD1,
FAKE,AHU1,AHU1_MaxDMP,OAD,
FAKE,AHU1,AHU1_SupCFM,SupCFM,
FAKE,AHU1,AHU1_CCV,CCV1,
FAKE,AHU4,AHU4_MaxDMP,OAD,
FAKE,AHU4,AHU4_MAT,MAT,
FAKE,AHU4,AHU4_SupCFM,SupCFM,
FAKE,AHU4,AHU4_SFC,SCH,
FAKE,AHU4,AHU4_SFS,SFS,
FAKE,AHU4,AHU4_RAT,RAT,
FAKE,AHU4,AHU4_CCV,CCV1,
FAKE,AHU4,AHU4_RHV,PHV1,
FAKE,AHU4,AHU4_DSPSP,DSPSP,
FAKE,AHU4,AHU4_SupVFD,SupVFD1,
FAKE,AHU4,AHU4_DSP,DSP,
FAKE,AHU4,AHU4_SATSP,SATSP,
FAKE,AHU4,AHU4_SAT,SAT,
